search_term,name,category,size,pack,unit_price,case_price,url
pinto beans,Del Pasado Pinto Beans,"BEANS, PINTO, CANNED",#10 CN,6,4.79,25.09,https://www.chefstore.com/p/del-pasado-pinto-beans_6332332/
pinto beans,Teasdale Pinto Beans,"BEANS, PINTO, CANNED",30 OZ,12,2.69,28.69,https://www.chefstore.com/p/teasdale-pinto-beans_2052366/
pinto beans,Fiesta Black Beans,"BEANS, BLACK, DRY",25 LB,1,24.49,,https://www.chefstore.com/p/fiesta-black-beans_1465487/
pinto beans,Fiesta Black Beans,"BEANS, BLACK, DRY",50 LB,1,43.79,,https://www.chefstore.com/p/fiesta-black-beans_2450330/
pinto beans,El Mexicano Pinto Beans,"BEANS, PINTO, CANNED",#10 CN,6,9.39,53.99,https://www.chefstore.com/p/el-mexicano-pinto-beans_3179288/
pinto beans,Augusta Triple Cleaned Pinto Beans,"BEANS, PINTO, DRY",50 LB,1,42.69,,https://www.chefstore.com/p/augusta-triple-cleaned-pinto-beans_7478074/
pinto beans,Fiesta Brand Fiesta Pinto Beans,"BEANS, PINTO, DRY",50 LB,1,35.19,,https://www.chefstore.com/p/fiesta-brand-fiesta-pinto-beans_3557285/
pinto beans,Fiesta Pinto Beans,"BEANS, PINTO, DRY",25 LB,1,21.89,,https://www.chefstore.com/p/fiesta-pinto-beans_0448169/
pinto beans,Fiesta Light Red Kidney Beans,"BEANS, KIDNEY, DRY",10 LB,4,14.79,54.89,https://www.chefstore.com/p/fiesta-light-red-kidney-beans_1424252/
pinto beans,Fiesta Light Red Kidney Beans,"BEANS, KIDNEY, DRY",25 LB,1,27.49,,https://www.chefstore.com/p/fiesta-light-red-kidney-beans_8256418/
brown rice,Homai Medium Grain Brown Rice,"RICE, BROWN (DRY NOT PREPARED)",25 LB,1,13.59,,https://www.chefstore.com/p/homai-medium-grain-brown-rice_3081590/
brown rice,Gulf Pacific Long Grain Brown Rice,"RICE, BROWN (DRY NOT PREPARED)",25 LB,1,18.79,,https://www.chefstore.com/p/gulf-pacific-long-grain-brown-rice_1753937/
brown rice,Gulf Pacific Long Grain Brown Rice,"RICE, BROWN (DRY NOT PREPARED)",50 LB,1,32.69,,https://www.chefstore.com/p/gulf-pacific-long-grain-brown-rice_2973647/
brown rice,Bob's Red Mill Brown Rice Flour Gluten Free,FLOUR,25 LB,1,36.69,,https://www.chefstore.com/p/bobs-red-mill-brown-rice-flour-gluten-free_4574638/
brown rice,Diamond G California Brown Rice,"RICE, BROWN (DRY NOT PREPARED)",50 LB,1,31.69,,https://www.chefstore.com/p/diamond-g-california-brown-rice_0021873/
brown rice,Fiesta Long Grain Brown Rice,"RICE, BROWN (DRY NOT PREPARED)",25 LB,1,17.59,,https://www.chefstore.com/p/fiesta-long-grain-brown-rice_2177436/
brown rice,Fiesta Medium Grain Brown Rice,"RICE, BROWN (DRY NOT PREPARED)",25 LB,1,22.49,,https://www.chefstore.com/p/fiesta-medium-grain-brown-rice_2026897/
brown rice,Royal Brown Basmati Rice,"RICE, IMPORTED, SPECIALTY",10 LB,1,12.89,,https://www.chefstore.com/p/royal-brown-basmati-rice_6859979/
tofu,House Foods America Firm Tofu,"VEGETABLES, OTHER, FRESH, VALUE ADDED",19 OZ,12,3.09,36.29,https://www.chefstore.com/p/house-foods-america-firm-tofu_2088473/
tofu,House Foods America Bulk Firm Tofu,"VEGETABLES, OTHER, FRESH, VALUE ADDED",2 LB,8,5.39,42.79,https://www.chefstore.com/p/house-foods-america-bulk-firm-tofu_1613553/
tofu,House Foods America Bulk Tofu Cutlet,"VEGETABLES, OTHER, FRESH, VALUE ADDED",2 LB,8,10.19,81.49,https://www.chefstore.com/p/house-foods-america-bulk-tofu-cutlet_1838077/
tofu,House Foods Bulk Tofu Organic,"VEGETABLES, OTHER, FRESH, VALUE ADDED",2 LB,8,5.99,47.69,https://www.chefstore.com/p/house-foods-bulk-tofu-organic_6705313/
tofu,House Foods Organic Tofu,"VEGETABLES, OTHER, FRESH, VALUE ADDED",14 OZ,12,2.79,33.29,https://www.chefstore.com/p/house-foods-organic-tofu_5045758/
tofu,House Foods Tofu Medium,"VEGETABLES, OTHER, FRESH, VALUE ADDED",19 OZ,12,2.49,29.49,https://www.chefstore.com/p/house-foods-tofu-medium_8648158/
tofu,House Foods Tofu Soft,"VEGETABLES, OTHER, FRESH, VALUE ADDED",19 OZ,12,2.49,29.49,https://www.chefstore.com/p/house-foods-tofu-soft_1644090/
tofu,Sweet Street Toffee Crunch Blondie Bar  1/4 Sheet 8 Slices,"BROWNIES, FROZEN",25 OZ,8,16.59,127.09,https://www.chefstore.com/p/sweet-street-toffee-crunch-blondie-bar-14-sheet-8-slices_0045138/
tofu,Da Vinci English Toffee Syrup,"SYRUP, FLAVORED, ITALIAN STYLE & DRINK FLAVORINGS",750 ML,4,7.99,31.49,https://www.chefstore.com/p/da-vinci-english-toffee-syrup_6279512/
tofu,Da Vinci Sugar Free English Toffee Syrup,"SYRUP, FLAVORED, ITALIAN STYLE & DRINK FLAVORINGS",750 ML,12,6.49,71.99,https://www.chefstore.com/p/da-vinci-sugar-free-english-toffee-syrup_3626948/
tahini,Acme Festival Organic Tahini,"FLAVOR ENHANCERS & NON-BAKERY INGREDIENTS, SHELF STABLE",5.5 LB,2,39.89,71.09,https://www.chefstore.com/p/acme-festival-organic-tahini_2837996/
tahini,Joyva Sesame Tahini,"FLAVOR ENHANCERS & NON-BAKERY INGREDIENTS, SHELF STABLE",15 OZ,12,8.09,91.79,https://www.chefstore.com/p/joyva-sesame-tahini_3075667/
tahini,Caffe D'Amore Mix Tahitian Vanilla Chai,"DRINK MIX, POWDERED, NOT FOR SSB MACHINE",3 LB,5,22.29,101.79,https://www.chefstore.com/p/caffe-damore-mix-tahitian-vanilla-chai_4132886/
miso paste,Chef Master Whip It! Charger Whipped Cream Nitrous Oxide,E & S MISC PARTS AND ACCESSORIES,24 EA,25,18.19,431.69,https://www.chefstore.com/p/chef-master-whip-it-charger-whipped-cream-nitrous-oxide_2233860/
olive oil,Tuttorosso Tutto Bene Olive Pomace Oil,"OIL, OLIVE",1 GA,6,26.29,146.49,https://www.chefstore.com/p/tuttorosso-tutto-bene-olive-pomace-oil_1017876/
olive oil,Santini Extra Virgin Olive Oil,"OIL, OLIVE",25.4 OZ,12,14.39,160.49,https://www.chefstore.com/p/santini-extra-virgin-olive-oil_7893133/
olive oil,Tuttorosso Tutto Bene Olive Oil Extra Virgin,"OIL, OLIVE",1 GA,6,41.89,233.79,https://www.chefstore.com/p/tuttorosso-tutto-bene-olive-oil-extra-virgin_2114910/
olive oil,Santini Extra Virgin Olive Oil,"OIL, OLIVE",3 LT,4,38.29,143.79,https://www.chefstore.com/p/santini-extra-virgin-olive-oil_9689827/
olive oil,Mw Polar Flat Anchovies In Olive Oil,"ANCHOVIES & HERRING, SHELF STABLE",2 OZ,18,2.59,44.79,https://www.chefstore.com/p/mw-polar-flat-anchovies-in-olive-oil_9637483/
olive oil,Tutto Bene 75/25 Blend,"OIL, OLIVE BLENDS",1 GA,6,19.89,110.59,https://www.chefstore.com/p/tutto-bene-7525-blend_3313378/
vegetable oil,Harvest Value Clear Vegetable Frying Oil,"OIL, FRYING, LIQUID, SOYBEAN",35 LB,1,30.99,,https://www.chefstore.com/p/harvest-value-clear-vegetable-frying-oil_1328699/
vegetable oil,Crisco Vegetable Oil Crisco,"OIL, FRYING, LIQUID, OTHER",1 GA,4,13.69,51.49,https://www.chefstore.com/p/crisco-vegetable-oil-crisco_1007728/
vegetable oil,Wesson Vegetable Salad & Frying Oil,"OIL, SALAD, OTHER",1 GA,4,15.29,57.49,https://www.chefstore.com/p/wesson-vegetable-salad-frying-oil_0963553/
canola oil,Chefs Pride Canola Oil,"OIL, SALAD, OTHER",35 LB,1,38.89,,https://www.chefstore.com/p/chefs-pride-canola-oil_0989061/
canola oil,Harvest Value Canola Frying Liquid Oil,"OIL, FRYING, LIQUID, CANOLA",35 LB,1,31.99,,https://www.chefstore.com/p/harvest-value-canola-frying-liquid-oil_3327053/
canola oil,Crisco Canola Oil,"OIL, SPECIALTY, OTHER",1 GA,4,13.69,51.39,https://www.chefstore.com/p/crisco-canola-oil_9781321/
canola oil,Chefs Pride Canola Oil,"OIL, SALAD, OTHER",1 GA,3,17.69,49.89,https://www.chefstore.com/p/chefs-pride-canola-oil_8252967/
canola oil,Pam Canola Release Spray,"PAN COATING, AEROSOL, OIL BASED",17 OZ,6,8.59,47.69,https://www.chefstore.com/p/pam-canola-release-spray_3509973/
canola oil,Mel-fry Essential Frying Oil Zero Trans Fat,"SHORTENING, FRYING, CREAMY LIQUID",35 LB,1,70.09,,https://www.chefstore.com/p/mel-fry-essential-frying-oil-zero-trans-fat_2809564/
canola oil,Chef's Classic Kings Gourmet Chopped Garlic With Canola Oil,"GARLIC OR SHALLOTS, IN OIL/WATER, SHELF STABLE",32 OZ,4,9.69,37.59,https://www.chefstore.com/p/chefs-classic-kings-gourmet-chopped-garlic-with-canola-oil_2062647/
canola oil,Monarch Optimax High Yield Canola Oil Pan Coating,"PAN COATING, AEROSOL, OIL BASED",17 OZ,6,4.39,24.99,https://www.chefstore.com/p/monarch-optimax-high-yield-canola-oil-pan-coating_5771977/
canola oil,Superb Canola Salad Oil,"OIL, SALAD, OTHER",35 LB,1,36.09,,https://www.chefstore.com/p/superb-canola-salad-oil_0060715/
crushed tomatoes,Angela Mia Crushed Unpeeled Tomato Puree Canned,"TOMATOES, CANNED, CRUSHED & GROUND",#10 CN,6,8.39,45.09,https://www.chefstore.com/p/angela-mia-crushed-unpeeled-tomato-puree-canned_8000572/
crushed tomatoes,Summer Inside Crushed Tomato In Puree,"TOMATOES, CANNED, CRUSHED & GROUND",28 OZ,12,2.09,24.19,https://www.chefstore.com/p/summer-inside-crushed-tomato-in-puree_7298729/
crushed tomatoes,Summer Inside Stewed Tomato,"TOMATOES, CANNED, CRUSHED & GROUND",29 OZ,12,2.59,28.99,https://www.chefstore.com/p/summer-inside-stewed-tomato_2236869/
diced tomatoes,Rotel Diced Tomatoes And Green Chilies,"TOMATOES, CANNED, DICED & SLICED",28 OZ,12,3.79,40.79,https://www.chefstore.com/p/rotel-diced-tomatoes-green-chilies_8268518/
diced tomatoes,Monarch Diced Tomatoes In Juice,"TOMATOES, CANNED, DICED & SLICED",#10 CN,6,4.39,23.29,https://www.chefstore.com/p/monarch-diced-tomatoes-in-juice_5329230/
diced tomatoes,Harvest Value Diced Tomatoes In Juice,"TOMATOES, CANNED, DICED & SLICED",#10 CN,6,4.49,23.89,https://www.chefstore.com/p/harvest-value-diced-tomatoes-in-juice_9328493/
diced tomatoes,Angela Mia Crushed Unpeeled Tomato Puree Canned,"TOMATOES, CANNED, CRUSHED & GROUND",#10 CN,6,8.39,45.09,https://www.chefstore.com/p/angela-mia-crushed-unpeeled-tomato-puree-canned_8000572/
diced tomatoes,Angela Mia Diced Tomatoes,"TOMATOES, CANNED, DICED & SLICED",#10 CN,6,8.79,46.89,https://www.chefstore.com/p/angela-mia-diced-tomatoes_4000584/
diced tomatoes,Angela Mia No Salt Added Diced Tomatoes,"TOMATOES, CANNED, DICED & SLICED",#10 CN,6,8.79,46.89,https://www.chefstore.com/p/angela-mia-no-salt-added-diced-tomatoes_0153015/
diced tomatoes,Del Pasado Salsa Style Chopped Tomatoes In Puree,"TOMATOES, CANNED, DICED & SLICED",#10 CN,6,5.59,31.49,https://www.chefstore.com/p/del-pasado-salsa-style-chopped-tomatoes-in-puree_4669529/
diced tomatoes,Angela Mia Fire Roasted Diced Tomatoes,"TOMATOES, CANNED, DICED & SLICED",#10 CN,6,10.89,58.39,https://www.chefstore.com/p/angela-mia-fire-roasted-diced-tomatoes_5753850/
diced tomatoes,Del Pasado Diced Tomatoes And Green Chiles,"TOMATOES, CANNED, DICED & SLICED",28 OZ,12,2.09,21.69,https://www.chefstore.com/p/del-pasado-diced-tomatoes-green-chiles_5746417/
diced tomatoes,Monarch Sliced Stewed Tomatoes,"TOMATOES, CANNED, DICED & SLICED",#10 CN,6,5.69,32.19,https://www.chefstore.com/p/monarch-sliced-stewed-tomatoes_4368452/
chickpeas,Bob's Red Mill Chickpea Flour Gluten-free,FLOUR,25 LB,1,37.49,,https://www.chefstore.com/p/bobs-red-mill-chickpea-flour-gluten-free_9723396/
garbanzo beans,Bob's Red Mill Chickpea Flour Gluten-free,FLOUR,25 LB,1,37.49,,https://www.chefstore.com/p/bobs-red-mill-chickpea-flour-gluten-free_9723396/
garbanzo beans,Columbia Fiesta Garbanzo Beans,"BEANS, GARBANZO, CANNED",25 LB,1,25.59,,https://www.chefstore.com/p/columbia-fiesta-garbanzo-beans_6437467/
garbanzo beans,Fiesta Garbanzo Beans,"BEANS, GARBANZO, CANNED",10 LB,4,13.59,50.39,https://www.chefstore.com/p/fiesta-garbanzo-beans_8550353/
garbanzo beans,Aunt Penny's Organic Garbanzo Beans,"BEANS, GARBANZO, CANNED",#10 CN,6,8.49,49.29,https://www.chefstore.com/p/aunt-pennys-organic-garbanzo-beans_7555699/
garbanzo beans,Monarch Garbanzo Beans,"BEANS, GARBANZO, CANNED",#10 CN,6,4.69,24.99,https://www.chefstore.com/p/monarch-garbanzo-beans_9330168/
garbanzo beans,Teasdale Garbanzo Beans,"BEANS, GARBANZO, CANNED",30 OZ,12,2.69,28.79,https://www.chefstore.com/p/teasdale-garbanzo-beans_7344219/
elbow macaroni,Harvest Value Elbow Macaroni Pasta,"PASTA, ELBOW MACARONI, DRY",10 LB,2,7.59,14.79,https://www.chefstore.com/p/harvest-value-elbow-macaroni-pasta_0993063/
elbow macaroni,Roseli Elbow Macaroni,"PASTA, ELBOW MACARONI, DRY",10 LB,2,8.49,16.89,https://www.chefstore.com/p/roseli-elbow-macaroni_6327928/
elbow macaroni,Roseli Heavy Wall Elbow Macaroni,"PASTA, ELBOW MACARONI, DRY",10 LB,2,14.69,27.49,https://www.chefstore.com/p/roseli-heavy-wall-elbow-macaroni_9327651/
nutritional yeast,NOT FOUND AT THIS STORE,,,,,,
margarine,Glenview Farms Margarine Prints,"MARGARINE & SPREAD, REFRIGERATED",1 LB,30,1.49,39.99,https://www.chefstore.com/p/glenview-farms-margarine-prints_4307499/
margarine,Glenview Farms Whipped Margarine,"MARGARINE & SPREAD, REFRIGERATED",20 LB,1,25.99,,https://www.chefstore.com/p/glenview-farms-whipped-margarine_7445317/
margarine,Smart Balance Margarine Pieces,"BUTTER BLEND & MARGARINE, SINGLE SERVICE, REFRIGERATED",600/5 GR,1,34.69,,https://www.chefstore.com/p/smart-balance-margarine-pieces_4996260/
margarine,Glenview Farms Liquid Margarine Trans Fat Free,"MARGARINE & SPREAD, REFRIGERATED",17.5 LB,2,24.09,44.99,https://www.chefstore.com/p/glenview-farms-liquid-margarine-trans-fat-free_5555388/
margarine,Golden Sweet Whipped Margarine Butter Blend,"BUTTER BLENDS, REFRIGERATED",4 LB,6,9.79,52.39,https://www.chefstore.com/p/golden-sweet-whipped-margarine-butter-blend_7571879/
margarine,Golden Sweet Butter Blend,"MARGARINE & SPREAD, REFRIGERATED",20 LB,1,44.09,,https://www.chefstore.com/p/golden-sweet-butter-blend_2538389/
margarine,Smart Balance Buttery Spread,"MARGARINE & SPREAD, REFRIGERATED",5 LB,6,14.79,88.39,https://www.chefstore.com/p/smart-balance-buttery-spread_5554803/
margarine,Finest Call Premium Cocktail Mixers Margarita,"COCKTAIL MIXES, SHELF STABLE",1 LT,12,3.79,42.99,https://www.chefstore.com/p/finest-call-premium-cocktail-mixers-margarita_8373631/
margarine,Jose Cuervo Margarita Cocktail Mix,"COCKTAIL MIXES, SHELF STABLE",1.75 LT,6,15.39,87.19,https://www.chefstore.com/p/jose-cuervo-margarita-cocktail-mix_5282806/
margarine,La Paz Margarita Mix,"COCKTAIL MIXES, SHELF STABLE",1 GA,4,15.39,55.19,https://www.chefstore.com/p/la-paz-margarita-mix_2838918/
onions,Yellow Onions 10 Lb,"ONIONS, YELLOW, FRESH",10 LB,5,4.69,23.39,https://www.chefstore.com/p/yellow-onions-10-lb_8384612/
onions,Jumbo Yellow Onions,"ONIONS, YELLOW, FRESH",50 LB,1,10.89,,https://www.chefstore.com/p/jumbo-yellow-onions_0213934/
onions,Red Onions 10 Pound,"ONIONS, RED, FRESH",10 LB,5,5.89,29.19,https://www.chefstore.com/p/red-onions-10-pound_8459398/
onions,White Onions 10 Lb,"ONIONS, WHITE, FRESH",10 LB,5,6.79,33.99,https://www.chefstore.com/p/white-onions-10-lb_6505515/
onions,Jumbo Red Onions,"ONIONS, RED, FRESH",25 LB,1,9.49,,https://www.chefstore.com/p/jumbo-red-onions_6431738/
onions,Sweet Onions,"ONIONS, YELLOW, FRESH",10 LB,5,7.29,36.19,https://www.chefstore.com/p/sweet-onions_3644628/
onions,Yellow Onions 25lb,"ONIONS, YELLOW, FRESH",25 LB,1,7.99,,https://www.chefstore.com/p/yellow-onions-25lb_1015965/
onions,Green Onions,"ONIONS, GREEN, FRESH",2 LB,4,10.99,43.89,https://www.chefstore.com/p/green-onions_1531268/
onions,Diced Yellow Onions,"ONIONS, YELLOW, FRESH, VALUE ADDED",48 OZ,6,6.59,39.29,https://www.chefstore.com/p/diced-yellow-onions_0938741/
onions,Shallots Bagged,"ONIONS, OTHER, FRESH",5 LB,8,8.79,70.19,https://www.chefstore.com/p/shallots-bagged_6293328/
frozen spinach,Garden-fresh Chopped Spinach,"SPINACH, FROZEN",48 OZ,12,4.09,46.99,https://www.chefstore.com/p/garden-fresh-chopped-spinach_5810111/
frozen spinach,Flav-r-pac Chopped Spinach,"SPINACH, FROZEN",3 LB,12,3.49,39.79,https://www.chefstore.com/p/flav-r-pac-chopped-spinach_7018377/
frozen spinach,Spring Valley Spanakopita Spinach & Cheese Filos,HORS D'OEUVRES & CANAPES (NOT FOR FRYER) FROZEN,24 OZ,6,21.79,127.19,https://www.chefstore.com/p/spring-valley-spanakopita-spinach-cheese-filos_9898066/
frozen spinach,Valley Fine Foods Spinach And Cheese Fontina Egg White Bite 28/2oz,"EGG, PATTIES COOKED, FROZEN",28/2 OZ,1,34.49,,https://www.chefstore.com/p/valley-fine-foods-spinach-cheese-fontina-egg-white-bite-282oz_1145777/
frozen peas,Garden Fresh Green Peas,"VEGETABLES, OTHER, FROZEN",5 LB,6,6.99,39.89,https://www.chefstore.com/p/garden-fresh-green-peas_6179532/
frozen peas,Garden-fresh Peas & Carrots,"VEGETABLES, MIXED, FROZEN",5 LB,6,5.39,32.29,https://www.chefstore.com/p/garden-fresh-peas-carrots_2444455/
frozen peas,Garden-fresh Sweet Petite Peas,"PEAS, GREEN, FROZEN",5 LB,6,7.19,41.19,https://www.chefstore.com/p/garden-fresh-sweet-petite-peas_1623858/
frozen peas,Flav-r-pac Fruit Favorites Peach Cubes,"PEACHES, FROZEN",5 LB,4,15.49,58.79,https://www.chefstore.com/p/flav-r-pac-fruit-favorites-peach-cubes_1788153/
frozen peas,Armanino Foods Frozen Basil Pesto Sauce,"SAUCE, PESTO, READY TO SERVE, FROZEN",30 OZ,6,15.59,89.19,https://www.chefstore.com/p/armanino-foods-frozen-basil-pesto-sauce_7076078/
frozen peas,Flav-R-Pac IQF Frozen Sliced Peaches,"PEACHES, FROZEN",5 LB,4,15.19,57.79,https://www.chefstore.com/p/flav-r-pac-iqf-frozen-sliced-peaches_9148973/
frozen peas,Panapesca Chilean Rock Crab Meat,"CRABMEAT, PASTEURIZED, FROZEN",2 LB,5,37.49,180.19,https://www.chefstore.com/p/panapesca-chilean-rock-crab-meat_4581546/
frozen peas,Aqua Star Red Deepsea Crab Meat Wild Caught,"CRABMEAT, PASTEURIZED, FROZEN",2.5 LB,2,118.59,225.69,https://www.chefstore.com/p/aqua-star-red-deepsea-crab-meat-wild-caught_8200491/
frozen peas,Delizza Patisserie Belgian Mini Eclairs Custard Cream Filled,"PASTRY, OTHER, FROZEN",50 EA,6,14.39,86.19,https://www.chefstore.com/p/delizza-patisserie-belgian-mini-eclairs-custard-cream-filled_1116775/
frozen peas,Orange Bakery Puff Pastry Sheet Dough 15 X 23 Inch,"PUFF PASTRY, DOUGH, FROZEN",9/27 OZ,1,39.79,,https://www.chefstore.com/p/orange-bakery-puff-pastry-sheet-dough-15-x-23-inch_7665789/
lasagna,Roseli Lasagna,"PASTA, LASAGNA , DRY",10 LB,1,15.79,,https://www.chefstore.com/p/roseli-lasagna_3328127/
lasagna,Award Cuisine Vegetable Lasagna Cooked Tray Frozen 4/96 Oz,"LASAGNA, ENTREE, FROZEN",96 OZ,4,25.79,100.69,https://www.chefstore.com/p/award-cuisine-vegetable-lasagna-cooked-tray-frozen-496-oz_3213626/
lasagna,Award Cuisine Meat Lasagna Tray Frozen 4/96oz,"LASAGNA, ENTREE, FROZEN",96 OZ,4,29.99,115.79,https://www.chefstore.com/p/award-cuisine-meat-lasagna-tray-frozen-496oz_8213613/
lasagna,Dynamic Giant Foil Lasagna Pan,"CARRY-OUT CONTAINER, ALUMINUM, DISPOSABLE",1 EA,60,1.49,73.59,https://www.chefstore.com/p/dynamic-giant-foil-lasagna-pan_8020788/
lasagna,Perfect Pasta Pre-cooked Egg Pasta Sheets 8.75x11 Frozen 10lb,"PASTA, LASAGNA , FROZEN",10 LB,1,27.39,,https://www.chefstore.com/p/perfect-pasta-pre-cooked-egg-pasta-sheets-875x11-frozen-10lb_1278624/
curry powder,Monarch Curry Powder,SPICES,13 OZ,4,7.79,31.09,https://www.chefstore.com/p/monarch-curry-powder_2693684/
curry powder,Mccormick Curry Powder,SPICES,16 OZ,1,16.19,,https://www.chefstore.com/p/mccormick-curry-powder_1011087/
curry powder,Roseli Curly Wide Egg Noodles,"EGG NOODLES, DRY",5 LB,2,12.19,22.99,https://www.chefstore.com/p/roseli-curly-wide-egg-noodles_6328678/
curry powder,The Zenith Specialty Bag Co. White Dry Wax Hot Dog Bags 3x1.75x10,"BAGS, PAPER-GROCERY, CARRY-OUT, SHOPPING",2000 EA,1,39.29,,https://www.chefstore.com/p/the-zenith-specialty-bag-co-white-dry-wax-hot-dog-bags-3x175x10_1613652/
cumin,Mccormick Cumin Ground,SPICES,14 OZ,1,14.09,,https://www.chefstore.com/p/mccormick-cumin-ground_1011136/
cumin,Monarch Ground Cumin,SPICES,88 OZ,3,46.59,139.59,https://www.chefstore.com/p/monarch-ground-cumin_8602175/
cumin,Monarch Ground Cumin Seed,SPICES,10 OZ,4,6.49,25.79,https://www.chefstore.com/p/monarch-ground-cumin-seed_8674324/
cumin,Mccormick Whole Cumin Seed,SPICES,16 OZ,1,25.19,,https://www.chefstore.com/p/mccormick-whole-cumin-seed_1011092/
cumin,Rosarita Culinary Traditional Refried Beans,"BEANS, REFRIED, CANNED",30 OZ,12,3.89,44.09,https://www.chefstore.com/p/rosarita-culinary-traditional-refried-beans_4281366/
cumin,Rosarita Culinary Vegetarian Refried Beans,"BEANS, REFRIED, CANNED",#10 CN,6,9.79,55.29,https://www.chefstore.com/p/rosarita-culinary-vegetarian-refried-beans_7020696/
vegan mozzarella,Vevan Mozzarella Melts Slices,"CHEESE, IMITATION/SUBSTITUTE, SLICES",1.5 LB,8,8.79,65.49,https://www.chefstore.com/p/vevan-mozzarella-melts-slices_9192627/
vegan cheese,Vevan Vegan Cheddar Melts 32 Slices,"CHEESE, IMITATION/SUBSTITUTE, SLICES",1.5 LB,8,8.79,65.49,https://www.chefstore.com/p/vevan-vegan-cheddar-melts-32-slices_2208402/
vegan cheese,Vevan Mozzarella Melts Slices,"CHEESE, IMITATION/SUBSTITUTE, SLICES",1.5 LB,8,8.79,65.49,https://www.chefstore.com/p/vevan-mozzarella-melts-slices_9192627/
sandwich rolls,Seattle International Sourdough Soft French Sandwich Roll,"BREADS, SANDWICH ROLLS, FROZEN",18 OZ,1,4.49,,https://www.chefstore.com/p/seattle-international-sourdough-soft-french-sandwich-roll_0003740/
sandwich rolls,Franz Seattle Sourdough Ciabatta,"BREADS, SANDWICH ROLLS, FROZEN",21.6 OZ,1,4.99,,https://www.chefstore.com/p/franz-seattle-sourdough-ciabatta_7794686/
sandwich rolls,Bimbo Dip Rolls 8 Inch,"BREADS, SANDWICH ROLLS, SHELF STABLE",6/8 EA,1,3.99,,https://www.chefstore.com/p/bimbo-dip-rolls-8-inch_1013557/
sandwich rolls,Franz French White Submarine Rolls Hinge Sliced,"BREADS, SANDWICH ROLLS, FROZEN",6/5 OZ,1,4.79,,https://www.chefstore.com/p/franz-french-white-submarine-rolls-hinge-sliced_2820616/
sandwich rolls,Bimbo Francisco Seeded Hoagie Roll,"BREADS, SANDWICH ROLLS, SHELF STABLE",12 EA,1,3.49,,https://www.chefstore.com/p/bimbo-francisco-seeded-hoagie-roll_5056048/
sandwich rolls,Bimbo Francisco 6 Inch French Roll,"BREADS, SANDWICH ROLLS, SHELF STABLE",12 EA,1,4.59,,https://www.chefstore.com/p/bimbo-francisco-6-inch-french-roll_3048779/
sandwich rolls,Bimbo Francisco Extra Sour French Bread,"BREADS, SANDWICH ROLLS, SHELF STABLE",24 OZ,1,4.29,,https://www.chefstore.com/p/bimbo-francisco-extra-sour-french-bread_6313066/
sandwich rolls,Bimbo Pan Integral Grande,"BREADS, SANDWICH ROLLS, SHELF STABLE",24 OZ,1,3.79,,https://www.chefstore.com/p/bimbo-pan-integral-grande_2381151/
sandwich rolls,Bimbo Pan Tostado,"BREADS, SANDWICH ROLLS, SHELF STABLE",7.05 OZ,1,2.99,,https://www.chefstore.com/p/bimbo-pan-tostado_7437917/
sandwich rolls,Chef's West Convection City Sour Mini Baguette Bread,"BREADS, SANDWICH ROLLS, SHELF STABLE",40 OZ,1,9.69,,https://www.chefstore.com/p/chefs-west-convection-city-sour-mini-baguette-bread_9696647/
hoagie rolls,Bimbo Francisco Seeded Hoagie Roll,"BREADS, SANDWICH ROLLS, SHELF STABLE",12 EA,1,3.49,,https://www.chefstore.com/p/bimbo-francisco-seeded-hoagie-roll_5056048/
hoagie rolls,Franz Bakery Hoagie Rolls,"BREADS, SANDWICH ROLLS, FROZEN",16 OZ,1,4.39,,https://www.chefstore.com/p/franz-bakery-hoagie-rolls_3643444/
hoagie rolls,Oroweat Hoagie Roll,"ROLLS & SOFT BREADSTICKS, SHELF STABLE",6/2.5 OZ,1,2.89,,https://www.chefstore.com/p/oroweat-hoagie-roll_5093721/
hoagie rolls,Franz Bakery Hoagies Original,"ROLLS, BREADSTICKS & BREADS, MEAL ACCOMPANIMENT, FROZEN",12 EA,1,4.29,,https://www.chefstore.com/p/franz-bakery-hoagies-original_9033620/
sub rolls,NOT FOUND AT THIS STORE,,,,,,
cauliflower,Tanimura & Antle Cauliflower,"CAULIFLOWER, FRESH",1 EA,12,3.99,47.09,https://www.chefstore.com/p/tanimura-antle-cauliflower_6681788/
cauliflower,Gold Coast Cauliflower Florets,"CAULIFLOWER, FRESH, VALUE ADDED",48 OZ,4,10.79,42.79,https://www.chefstore.com/p/gold-coast-cauliflower-florets_1077019/
cauliflower,Deiorio's Gluten-free 10 Inch Cauliflower Pizza Crust,"PIZZA CRUST, PARBAKED, FROZEN",24/7.4 OZ,1,97.69,,https://www.chefstore.com/p/deiorios-gluten-free-10-inch-cauliflower-pizza-crust_0416559/
cauliflower,Rich's Seasoned Frozen Cauliflower Pizza Crust 10 Inch Parbaked,"PIZZA CRUST, PARBAKED, FROZEN",16/5.2 OZ,1,44.09,,https://www.chefstore.com/p/richs-seasoned-frozen-cauliflower-pizza-crust-10-inch-parbaked_1047397/
potatoes,Russet Potatoes 10 Lb,"POTATOES, WHOLE (WHITE), FRESH",10 LB,5,2.89,14.29,https://www.chefstore.com/p/russet-potatoes-10-lb_2827270/
potatoes,Russet Potatoes #2,"POTATOES, WHOLE (WHITE), FRESH",50 LB,1,12.99,,https://www.chefstore.com/p/russet-potatoes-2_2055960/
potatoes,Yellow Potatoes #2 15lbs,"POTATOES, YELLOW, FRESH, VALUE ADDED",15 LB,4,7.09,28.09,https://www.chefstore.com/p/yellow-potatoes-2-15lbs_2265113/
potatoes,Russet Potatoes 90 Count,"POTATOES, WHOLE (WHITE), FRESH",50 LB,1,12.99,,https://www.chefstore.com/p/russet-potatoes-90-count_4441394/
potatoes,Flav-r-pac Diced Red Potatoes,"POTATOES, RED, FROZEN",5 LB,4,6.49,24.49,https://www.chefstore.com/p/flav-r-pac-diced-red-potatoes_7153786/
potatoes,Russet Potatoes #2 15 Lb,"POTATOES, WHOLE (WHITE), FRESH",15 LB,4,5.89,23.49,https://www.chefstore.com/p/russet-potatoes-2-15-lb_9039067/
potatoes,Red Potatoes #2 50 Pound,"POTATOES, RED, FRESH",50 LB,1,18.99,,https://www.chefstore.com/p/red-potatoes-2-50-pound_0862912/
potatoes,Monarch Large Whole Potatoes,"POTATOES, WHOLE & SMALL, CANNED",#10 CN,6,7.69,43.69,https://www.chefstore.com/p/monarch-large-whole-potatoes_4329058/
potatoes,Yellow #2 Potatoes,"POTATOES, YELLOW, WHOLE, FRESH",50 LB,1,20.19,,https://www.chefstore.com/p/yellow-2-potatoes_6824783/
potatoes,Russet Potatoes 70 Count,"POTATOES, WHOLE (WHITE), FRESH",50 LB,1,18.19,,https://www.chefstore.com/p/russet-potatoes-70-count_9000977/
lemons,Lemons 5 Lb Bag,"LEMONS, FRESH",5 LB,8,4.99,39.69,https://www.chefstore.com/p/lemons-5-lb-bag_3626122/
lemons,Lemons 115 Count,"LEMONS, FRESH",115 EA,1,34.49,,https://www.chefstore.com/p/lemons-115-count_7265754/
lemons,Realemon Lemon Juice,"LEMON JUICE, SHELF STABLE",1 GA,4,13.49,47.79,https://www.chefstore.com/p/realemon-lemon-juice_6010243/
lemons,Perricone Perricone Farms Fresh Lemon Juice,"LEMON JUICE, REFRIGERATED",64 OZ,6,8.79,50.39,https://www.chefstore.com/p/perricone-perricone-farms-fresh-lemon-juice_9749571/
lemons,Sweet Street Desserts Luscious Lemon Squares Unsliced,"CAKES, OTHER, FROZEN (NOT SHEET, LAYER OR BUNDT)",38 OZ,4,25.49,98.09,https://www.chefstore.com/p/sweet-street-desserts-luscious-lemon-squares-unsliced_2300792/
lemons,Dawn Food R & H Lemon Topping And Pie Filling,"FILLINGS, FRUIT (BAKERY), SHELF STABLE",2 LB,12,6.99,78.19,https://www.chefstore.com/p/dawn-food-r-h-lemon-topping-pie-filling_9878727/
lemons,Seattle's Favorite Lemon Poppy Seed Muffin Tops,"MUFFINS, THAW & SERVE, FROZEN",6 EA,8,13.29,102.09,https://www.chefstore.com/p/seattles-favorite-lemon-poppy-seed-muffin-tops_2199905/
lemons,Lawry's Garlic Rosemary & Lemon Rub,"SEASONINGS, SPICE BLENDS & MARINADES",22 OZ,1,14.89,,https://www.chefstore.com/p/lawrys-garlic-rosemary-lemon-rub_1011243/
lemons,Davinci Espresso Syrup Lemon,"SYRUP, FLAVORED, ITALIAN STYLE & DRINK FLAVORINGS",750 ML,4,7.99,31.49,https://www.chefstore.com/p/davinci-espresso-syrup-lemon_1364166/
lemons,Monin Lemon Syrup,"SYRUP, FLAVORED, ITALIAN STYLE & DRINK FLAVORINGS",25.4 OZ,12,11.29,131.19,https://www.chefstore.com/p/monin-lemon-syrup_6544019/
garlic,The Garlic Company Whole Garlic,"GARLIC, FRESH",3 LB,10,10.19,101.29,https://www.chefstore.com/p/the-garlic-company-whole-garlic_3739472/
garlic,Peeled Garlic 3lb Bag,"GARLIC, VALUE ADDED, FRESH",3 LB,6,14.99,89.59,https://www.chefstore.com/p/peeled-garlic-3lb-bag_7034861/
garlic,Christopher Ranch California Peeled Garlic 5 Pound,"GARLIC, VALUE ADDED, FRESH",5 LB,4,22.99,91.89,https://www.chefstore.com/p/christopher-ranch-california-peeled-garlic-5-pound_3617665/
garlic,Minced Garlic Jar - 48 Oz.,"VEGETABLES, OTHER, CANNED",48 OZ,6,7.99,45.59,https://www.chefstore.com/p/minced-garlic-jar-48-oz_1165953/
garlic,California Diced Garlic Bag 3 Lb,"GARLIC, VALUE ADDED, FRESH",3 LB,6,11.99,71.49,https://www.chefstore.com/p/california-diced-garlic-bag-3-lb_0371251/
garlic,Christopher Ranch Roasted Peeled Garlic,"GARLIC, VALUE ADDED, FRESH",3 LB,6,17.49,104.49,https://www.chefstore.com/p/christopher-ranch-roasted-peeled-garlic_1251644/
garlic,Kings Gourmet Chopped Garlic In Water,"GARLIC OR SHALLOTS, IN OIL/WATER, SHELF STABLE",32 OZ,4,10.19,39.29,https://www.chefstore.com/p/kings-gourmet-chopped-garlic-in-water_4044125/
garlic,Christopher Ranch Crushed Garlic,"GARLIC, VALUE ADDED, FRESH",32 OZ,6,8.29,49.69,https://www.chefstore.com/p/christopher-ranch-crushed-garlic_2924273/
garlic,Mccormick Granulated Garlic,SPICES,26 OZ,1,23.39,,https://www.chefstore.com/p/mccormick-granulated-garlic_1017346/
garlic,Chef's Classic Kings Gourmet Chopped Garlic With Canola Oil,"GARLIC OR SHALLOTS, IN OIL/WATER, SHELF STABLE",32 OZ,4,9.69,37.59,https://www.chefstore.com/p/chefs-classic-kings-gourmet-chopped-garlic-with-canola-oil_2062647/
salt,Diamond Crystal Plain Salt 25 Pounds,"SALT, BULK (FOR FOOD)",25 LB,1,7.99,,https://www.chefstore.com/p/diamond-crystal-plain-salt-25-pounds_5378260/
salt,Unfi Essential Everyday Plain Table Salt,"SALT, BULK (FOR FOOD)",26 OZ,24,1.09,23.49,https://www.chefstore.com/p/unfi-essential-everyday-plain-table-salt_7552744/
salt,Morton Kosher Salt,"SALT, BULK (FOR FOOD)",3 LB,12,4.49,50.69,https://www.chefstore.com/p/morton-kosher-salt_3002128/
salt,Morton Natural Sea Salt,"SALT, BULK (FOR FOOD)",26 OZ,12,3.49,39.19,https://www.chefstore.com/p/morton-natural-sea-salt_7729817/
salt,Cargill Top Flo Evaporated Salt,"SALT, BULK (FOR FOOD)",50 LB,1,9.49,,https://www.chefstore.com/p/cargill-top-flo-evaporated-salt_1124379/
salt,Morton Salt & Pepper,"SEASONINGS, SPICE BLENDS & MARINADES",1 ST,12,2.99,34.09,https://www.chefstore.com/p/morton-salt-pepper_8978132/
salt,Thunder Group Salt & Pepper Panel Shaker 1 Oz,"TABLETOP SERVINGWARE, NON DISPOSABLE",6 EA,1,5.89,,https://www.chefstore.com/p/thunder-group-salt-pepper-panel-shaker-1-oz_5251121/
salt,Thunder Group Salt & Pepper Shaker Square 2 Ounce,"DINNERWARE, GLASS",6 EA,1,8.29,,https://www.chefstore.com/p/thunder-group-salt-pepper-shaker-square-2-ounce_7015646/
salt,Thunder Group Salt & Pepper Tower Shaker 1 Ounce,"SCOOPS, DISHERS, SHAKERS NOT SALT & PEPPER",6 EA,1,6.69,,https://www.chefstore.com/p/thunder-group-salt-pepper-tower-shaker-1-ounce_9852200/
salt,Winco Acrylic Pepper Grinder/salt Shaker 6 Inch,"TABLETOP SERVINGWARE, NON DISPOSABLE",1 ST,1,28.79,,https://www.chefstore.com/p/winco-acrylic-pepper-grindersalt-shaker-6-inch_9875482/
black pepper,Monarch Whole Black Peppercorns,"PEPPER, BULK",13 OZ,4,14.39,57.49,https://www.chefstore.com/p/monarch-whole-black-peppercorns_2955267/
black pepper,Monarch Regular Grind Black Pepper,"PEPPER, BULK",11 OZ,4,12.49,49.89,https://www.chefstore.com/p/monarch-regular-grind-black-pepper_3854516/
black pepper,Monarch Coarse Ground Black Pepper,"PEPPER, BULK",11 OZ,4,11.99,47.89,https://www.chefstore.com/p/monarch-coarse-ground-black-pepper_2900491/
black pepper,Mccormick Ground Black Pepper,"PEPPER, BULK",18 OZ,1,23.39,,https://www.chefstore.com/p/mccormick-ground-black-pepper_1011108/
black pepper,Mccormick Handy Fill Black Pepper Pouch,"PEPPER, BULK",2 LB,1,33.99,,https://www.chefstore.com/p/mccormick-handy-fill-black-pepper-pouch_1011042/
black pepper,Mccormick Table Grind Black Pepper,"PEPPER, BULK",5 LB,1,85.19,,https://www.chefstore.com/p/mccormick-table-grind-black-pepper_1011060/
black pepper,Mccormick Coarse Grind Black Pepper,"PEPPER, BULK",16 OZ,1,26.79,,https://www.chefstore.com/p/mccormick-coarse-grind-black-pepper_1011053/
black pepper,Mccormick Cracked Black Pepper,"PEPPER, BULK",16 OZ,1,24.29,,https://www.chefstore.com/p/mccormick-cracked-black-pepper_1011134/
black pepper,Mccormick Ground Black Pepper,"PEPPER, BULK",5 LB,1,85.19,,https://www.chefstore.com/p/mccormick-ground-black-pepper_1011037/
black pepper,Mccormick Table Grind Black Pepper,"PEPPER, BULK",18 OZ,1,19.69,,https://www.chefstore.com/p/mccormick-table-grind-black-pepper_1011137/
flour,Grain Craft All-purpose Flour Unbleached Enriched,FLOUR,50 LB,1,22.19,,https://www.chefstore.com/p/grain-craft-all-purpose-flour-unbleached-enriched_6323917/
flour,Gold Medal All Purpose Flour,FLOUR,5 LB,8,5.89,43.69,https://www.chefstore.com/p/gold-medal-all-purpose-flour_4202297/
flour,Bob's Red Mill Artisan Bread Flour,FLOUR,25 LB,1,27.59,,https://www.chefstore.com/p/bobs-red-mill-artisan-bread-flour_3677326/
flour,Morbread Unbleached Flour,FLOUR,25 LB,1,10.99,,https://www.chefstore.com/p/morbread-unbleached-flour_4022570/
flour,Grain Craft Neapolitan Italian Style Pizza Flour,FLOUR,25 LB,1,11.49,,https://www.chefstore.com/p/grain-craft-neapolitan-italian-style-pizza-flour_7671136/
flour,Gold Medal Better For Bread Flour,FLOUR,10 LB,4,13.49,50.39,https://www.chefstore.com/p/gold-medal-better-for-bread-flour_9660366/
flour,Fisher Grain Craft All Purpose Bleached Flour,FLOUR,50 LB,1,20.59,,https://www.chefstore.com/p/fisher-grain-craft-all-purpose-bleached-flour_7983932/
flour,Morbread Grain Craft Unbleached Flour,FLOUR,50 LB,1,21.09,,https://www.chefstore.com/p/morbread-grain-craft-unbleached-flour_5020623/
flour,Bob's Red Mill Organic Dark Rye Flour,FLOUR,25 LB,1,35.89,,https://www.chefstore.com/p/bobs-red-mill-organic-dark-rye-flour_6103989/
flour,Pendleton Grain Craft Pizza Blend Flour,FLOUR,42 LB,1,16.99,,https://www.chefstore.com/p/pendleton-grain-craft-pizza-blend-flour_2020634/
yellow mustard,French's Yellow Mustard,"MUSTARD, BULK & TABLETOP",105 OZ,4,5.69,21.59,https://www.chefstore.com/p/frenchs-yellow-mustard_5736780/
yellow mustard,French Yellow Mustard Packets,"MUSTARD, SINGLE SERVICE",500/7 GR,1,12.69,,https://www.chefstore.com/p/french-yellow-mustard-packets_5205468/
tamari,Kikkoman Gluten Free Tamari Soy Sauce,"SAUCE, SOY, BULK, READY TO SERVE",.5 GA,6,13.39,78.19,https://www.chefstore.com/p/kikkoman-gluten-free-tamari-soy-sauce_9841289/
tamari,Jarritos Tamarind Soda,"SODA, CARBONATED READY TO DRINK",24/12.5 OZ,1,27.39,,https://www.chefstore.com/p/jarritos-tamarind-soda_8989139/
tamari,Jarritos Tamarindo Soda,"SODA, CARBONATED READY TO DRINK",1.5 LT,8,2.79,21.19,https://www.chefstore.com/p/jarritos-tamarindo-soda_9445636/
tamari,Kikkoman Gluten Free Tamari Soy Sauce,"SAUCE, SOY, BULK, READY TO SERVE",5 GA,1,95.69,,https://www.chefstore.com/p/kikkoman-gluten-free-tamari-soy-sauce_7074456/
soy sauce,Kikkoman Soy Sauce,"SAUCE, SOY, BULK, READY TO SERVE",1 GA,4,13.69,51.59,https://www.chefstore.com/p/kikkoman-soy-sauce_8002164/
soy sauce,Kikkoman Less Sodium Soy Sauce,"SAUCE, SOY, BULK, READY TO SERVE",.5 GA,6,9.89,53.39,https://www.chefstore.com/p/kikkoman-less-sodium-soy-sauce_5018395/
soy sauce,ABC Sweet Soy Sauce,"SAUCE, SOY, BULK, READY TO SERVE",21 OZ,12,7.69,81.79,https://www.chefstore.com/p/abc-sweet-soy-sauce_3058066/
soy sauce,Double High Soy Sauce,"SAUCE, SOY, BULK, READY TO SERVE",5 GA,1,38.89,,https://www.chefstore.com/p/double-high-soy-sauce_2166815/
soy sauce,Kikkoman Soy Sauce Dispenser Bottle,"SAUCE, SOY, BULK, READY TO SERVE",5 OZ,12,2.19,23.69,https://www.chefstore.com/p/kikkoman-soy-sauce-dispenser-bottle_6008130/
soy sauce,Kikkoman Soy Sauce,"SAUCE, SOY, BULK, READY TO SERVE",5 OZ,12,1.59,16.59,https://www.chefstore.com/p/kikkoman-soy-sauce_3000932/
soy sauce,Kikkoman Soy Sauce,"SAUCE, SOY, BULK, READY TO SERVE",10 OZ,12,2.59,28.19,https://www.chefstore.com/p/kikkoman-soy-sauce_5008131/
soy sauce,Lee Kum Kee Soy Sauce,"SAUCE, SOY, BULK, READY TO SERVE",5 GA,1,37.99,,https://www.chefstore.com/p/lee-kum-kee-soy-sauce_1502335/
soy sauce,Double High Soy Sauce Packets,"SAUCES, OTHER, SINGLE SERVICE",500 EA,1,17.69,,https://www.chefstore.com/p/double-high-soy-sauce-packets_4637921/
soy sauce,Kikkoman 4 Gal Soy Sauce Cube W/ Dispensing Spigot,"SAUCE, SOY, BULK, READY TO SERVE",4 GA,1,31.29,,https://www.chefstore.com/p/kikkoman-4-gal-soy-sauce-cube-w-dispensing-spigot_4265971/
oregano,Monarch Mexican Oregano,SPICES,2 OZ,4,5.09,20.19,https://www.chefstore.com/p/monarch-mexican-oregano_5210951/
oregano,Oregano Fresh,"HERBS, OTHER, FRESH",4 OZ,4,4.69,18.69,https://www.chefstore.com/p/oregano-fresh_1890556/
oregano,Mccormick Oregano Ground,SPICES,13 OZ,1,16.69,,https://www.chefstore.com/p/mccormick-oregano-ground_1011033/
oregano,Mccormick Oregano Leaves,SPICES,5 OZ,1,10.69,,https://www.chefstore.com/p/mccormick-oregano-leaves_1011064/
oregano,Mccormick Oregano Leaves,SPICES,24 OZ,1,33.09,,https://www.chefstore.com/p/mccormick-oregano-leaves_1011132/
oregano,Monarch Oregano,SPICES,24 OZ,3,22.59,67.69,https://www.chefstore.com/p/monarch-oregano_6474867/
basil dried,Monarch Dried Basil,SPICES,4 OZ,4,3.99,15.99,https://www.chefstore.com/p/monarch-dried-basil_2719487/
thyme,Siri Produce Fresh Thyme,"HERBS, OTHER, FRESH",4 OZ,4,4.89,19.39,https://www.chefstore.com/p/siri-produce-fresh-thyme_5339989/
thyme,Mccormick Thyme Leaves,SPICES,6 OZ,1,12.59,,https://www.chefstore.com/p/mccormick-thyme-leaves_1011046/
thyme,Mccormick Ground Thyme,SPICES,11 OZ,1,17.79,,https://www.chefstore.com/p/mccormick-ground-thyme_1011102/
garlic powder,Monarch Garlic Powder,SPICES,20 OZ,6,14.09,84.19,https://www.chefstore.com/p/monarch-garlic-powder_5754272/
garlic powder,Monarch Garlic Powder,SPICES,12 OZ,4,7.89,31.59,https://www.chefstore.com/p/monarch-garlic-powder_2886065/
garlic powder,Mccormick Garlic Powder,SPICES,21 OZ,1,18.89,,https://www.chefstore.com/p/mccormick-garlic-powder_1011075/
garlic powder,Mccormick Granulated Garlic,SPICES,26 OZ,1,23.39,,https://www.chefstore.com/p/mccormick-granulated-garlic_1017346/
garlic powder,Monarch Garlic Powder,SPICES,102 OZ,3,57.69,173.09,https://www.chefstore.com/p/monarch-garlic-powder_8223253/
garlic powder,Mccormick Granulated Garlic,SPICES,7.25 LB,1,93.49,,https://www.chefstore.com/p/mccormick-granulated-garlic_1011115/
garlic powder,Monarch Granulated Garlic,SPICES,115 OZ,3,55.19,165.49,https://www.chefstore.com/p/monarch-granulated-garlic_5582487/
garlic powder,Monarch Granulated Garlic,SPICES,13 OZ,4,6.99,27.89,https://www.chefstore.com/p/monarch-granulated-garlic_8543500/
garlic powder,Monarch Granulated Garlic Spice,SPICES,23 OZ,6,16.69,99.59,https://www.chefstore.com/p/monarch-granulated-garlic-spice_5289469/
garlic powder,Armanino Foods Dried Tomato And Garlic Pesto,"SAUCE, PESTO, READY TO SERVE, FROZEN",30 OZ,3,15.99,46.09,https://www.chefstore.com/p/armanino-foods-dried-tomato-garlic-pesto_5445655/
white pepper,Mccormick White Pepper,"PEPPER, BULK",18 OZ,1,35.89,,https://www.chefstore.com/p/mccormick-white-pepper_1011130/
white pepper,Monarch Ground White Pepper,"PEPPER, BULK",20 OZ,6,28.99,173.79,https://www.chefstore.com/p/monarch-ground-white-pepper_4609116/
white pepper,Monarch Ground White Pepper,"PEPPER, BULK",12 OZ,4,13.39,53.49,https://www.chefstore.com/p/monarch-ground-white-pepper_8820572/
white pepper,Erin's White Cheddar Peppered Popcorn,"POPCORN, COOKED",1 OZ,15,2.09,30.19,https://www.chefstore.com/p/erins-white-cheddar-peppered-popcorn_0906574/
white pepper,Winco White 64 Oz Scoop,"SCOOPS, DISHERS, SHAKERS NOT SALT & PEPPER",1 EA,1,7.69,,https://www.chefstore.com/p/winco-white-64-oz-scoop_0645176/
cayenne,Mccormick Ground Cayenne Pepper,SPICES,14 OZ,1,12.19,,https://www.chefstore.com/p/mccormick-ground-cayenne-pepper_1011227/
bay leaves,Monarch Whole Bay Leaves,SPICES,8 OZ,3,15.59,46.69,https://www.chefstore.com/p/monarch-whole-bay-leaves_3249492/
bay leaves,Mccormick Whole Bay Leaves,SPICES,2 OZ,1,13.89,,https://www.chefstore.com/p/mccormick-whole-bay-leaves_1011045/
celery,Celery Sticks 2.5 Lb,"CELERY, FRESH, VALUE ADDED",2.5 LB,16,5.09,76.49,https://www.chefstore.com/p/celery-sticks-25-lb_1157041/
celery,Tanimura & Antle Celery 12/3ct Bag,"CELERY, FRESH",3 EA,12,4.29,51.19,https://www.chefstore.com/p/tanimura-antle-celery-123ct-bag_8714662/
celery,Celery Hearts 4 Count,"CELERY, FRESH, VALUE ADDED",4 EA,11,5.19,56.99,https://www.chefstore.com/p/celery-hearts-4-count_5226556/
celery,Celery 24 Count,"CELERY, FRESH",24 EA,1,68.09,,https://www.chefstore.com/p/celery-24-count_7868166/
celery,Mccormick Celery Salt,SPICES,30 OZ,1,10.99,,https://www.chefstore.com/p/mccormick-celery-salt_1011131/
celery,Mccormick Whole Celery Seed,SPICES,16 OZ,1,15.49,,https://www.chefstore.com/p/mccormick-whole-celery-seed_1011062/
parsley,River Fresh Farms Italian Parsley Bunch,"HERBS, OTHER, FRESH",6 EA,6,4.99,29.49,https://www.chefstore.com/p/river-fresh-farms-italian-parsley-bunch_7216323/
parsley,True Leaf Parsley Clean & Trim,"PARSLEY, FRESH",1 LB,4,5.09,20.09,https://www.chefstore.com/p/true-leaf-parsley-clean-trim_8837705/
parsley,Monarch Parsley Flakes,SPICES,1.5 OZ,4,5.59,22.19,https://www.chefstore.com/p/monarch-parsley-flakes_0120348/
parsley,Monarch Parsley Flakes,SPICES,14 OZ,3,16.49,49.39,https://www.chefstore.com/p/monarch-parsley-flakes_5044864/
parsley,Mccormick Parsley Flakes,SPICES,10 OZ,1,18.99,,https://www.chefstore.com/p/mccormick-parsley-flakes_1011041/
spinach,Gold Coast Packing Whole Leaf Spinach Bag,"SPINACH, FRESH",40 OZ,6,4.49,26.49,https://www.chefstore.com/p/gold-coast-packing-whole-leaf-spinach-bag_3026443/
spinach,Baby Spinach Clamshell,"SPINACH, FRESH",1 LB,6,5.09,29.79,https://www.chefstore.com/p/baby-spinach-clamshell_1090531/
spinach,True Leaf Baby Spinach,"SPINACH, FRESH",4 LB,1,12.99,,https://www.chefstore.com/p/true-leaf-baby-spinach_2597240/
spinach,Garden-fresh Chopped Spinach,"SPINACH, FROZEN",48 OZ,12,4.09,46.99,https://www.chefstore.com/p/garden-fresh-chopped-spinach_5810111/
spinach,Flav-r-pac Chopped Spinach,"SPINACH, FROZEN",3 LB,12,3.49,39.79,https://www.chefstore.com/p/flav-r-pac-chopped-spinach_7018377/
spinach,Spring Valley Spanakopita Spinach & Cheese Filos,HORS D'OEUVRES & CANAPES (NOT FOR FRYER) FROZEN,24 OZ,6,21.79,127.19,https://www.chefstore.com/p/spring-valley-spanakopita-spinach-cheese-filos_9898066/
spinach,CHEF'STORE West Conv Ozuna Spinach Flavor Tortilla 12 Inch,"TORTILLA & TACO SHELLS, SHELF STABLE",10 EA,1,5.39,,https://www.chefstore.com/p/chefstore-west-conv-ozuna-spinach-flavor-tortilla-12-inch_9104615/
spinach,La Fiesta Mission Spinach Wrap Tortilla 13.5 Inch,"TORTILLA & TACO SHELLS, SHELF STABLE",10 EA,1,5.19,,https://www.chefstore.com/p/la-fiesta-mission-spinach-wrap-tortilla-135-inch_9197647/
spinach,Mission Garden Spinach Wrap Tortilla,"TORTILLA & TACO SHELLS, SHELF STABLE",6 EA,1,4.09,,https://www.chefstore.com/p/mission-garden-spinach-wrap-tortilla_5123523/
spinach,Organic Baby Spinach Carton,"SPINACH, FRESH",4 LB,1,14.59,,https://www.chefstore.com/p/organic-baby-spinach-carton_6775662/
peas,Garden Fresh Green Peas,"VEGETABLES, OTHER, FROZEN",5 LB,6,6.99,39.89,https://www.chefstore.com/p/garden-fresh-green-peas_6179532/
peas,Crystal Valley Foods Bag Snow Peas,"PEAS, FRESH",2 LB,5,9.69,48.29,https://www.chefstore.com/p/crystal-valley-foods-bag-snow-peas_1023170/
peas,Crystal Valley Sugar Snap Peas Bag,"PEAS, FRESH",2 LB,5,9.69,48.29,https://www.chefstore.com/p/crystal-valley-sugar-snap-peas-bag_0021187/
peas,Garden-fresh Peas & Carrots,"VEGETABLES, MIXED, FROZEN",5 LB,6,5.39,32.29,https://www.chefstore.com/p/garden-fresh-peas-carrots_2444455/
peas,Garden-fresh Sweet Petite Peas,"PEAS, GREEN, FROZEN",5 LB,6,7.19,41.19,https://www.chefstore.com/p/garden-fresh-sweet-petite-peas_1623858/
peas,Bob's Red Mill Chickpea Flour Gluten-free,FLOUR,25 LB,1,37.49,,https://www.chefstore.com/p/bobs-red-mill-chickpea-flour-gluten-free_9723396/
peas,Fiesta Blackeye Peas,"PEAS, BLACK-EYED, DRY",25 LB,1,38.09,,https://www.chefstore.com/p/fiesta-blackeye-peas_0641304/
peas,Fiesta Green Split Peas,"PEAS, GREEN, DRY",25 LB,1,15.59,,https://www.chefstore.com/p/fiesta-green-split-peas_0997611/
peas,Fiesta Green Split Peas,"PEAS, GREEN, DRY",10 LB,4,8.99,33.19,https://www.chefstore.com/p/fiesta-green-split-peas_2583451/
peas,Fiesta Yellow Split Peas,"PEAS, GREEN, DRY",25 LB,1,15.59,,https://www.chefstore.com/p/fiesta-yellow-split-peas_5907152/
squash,Baloian Farms Yellow Squash,"SQUASH, FRESH",6 EA,8,5.59,44.69,https://www.chefstore.com/p/baloian-farms-yellow-squash_9312987/
squash,Butternut Diced Squash,"SQUASH, FRESH, VALUE ADDED",2 LB,6,6.79,40.29,https://www.chefstore.com/p/butternut-diced-squash_1074667/
squash,Blount Butternut Squash And Apple Soup,"SOUP, FROZEN",2/4 LB,1,29.39,,https://www.chefstore.com/p/blount-butternut-squash-apple-soup_4357408/
squash,Green Zucchini Squash,"ZUCCHINI, FRESH",20.000 LB,1,33.29,,https://www.chefstore.com/p/green-zucchini-squash_3468279/
cabbage,True Leaf Green Cabbage,"CABBAGE, FRESH",1 EA,12,2.19,24.69,https://www.chefstore.com/p/true-leaf-green-cabbage_1021396/
cabbage,Wrapped Red Cabbage,"CABBAGE, FRESH",1 EA,12,2.29,26.19,https://www.chefstore.com/p/wrapped-red-cabbage_3026552/
cabbage,True Leaf Cabbage Green Shredded Fresh Bag,"CABBAGE, FRESH, VALUE ADDED",5 LB,6,4.79,28.49,https://www.chefstore.com/p/true-leaf-cabbage-green-shredded-fresh-bag_8906993/
cabbage,True Leaf Shredded Red Cabbage,"CABBAGE, FRESH, VALUE ADDED",5 LB,6,4.69,27.99,https://www.chefstore.com/p/true-leaf-shredded-red-cabbage_0185113/
cabbage,True Leaf Cabbage Green Diced Fresh Bag,"CABBAGE, FRESH, VALUE ADDED",5 LB,6,4.49,26.99,https://www.chefstore.com/p/true-leaf-cabbage-green-diced-fresh-bag_5194611/
cabbage,Napa Cabbage 30 Pound,"CABBAGE, FRESH",30 LB,1,29.09,,https://www.chefstore.com/p/napa-cabbage-30-pound_9074451/
cabbage,Green Cabbage 45 Lb,"CABBAGE, FRESH",45 LB,1,26.49,,https://www.chefstore.com/p/green-cabbage-45-lb_3384153/
cabbage,Cleveland Kitchen Cabbage Kimchi,"VEGETABLES, RICE, PREPARED, REFRIGERATED",2 GA,1,37.89,,https://www.chefstore.com/p/cleveland-kitchen-cabbage-kimchi_1664625/
cabbage,Shanghai Bok Choy,"CABBAGE, FRESH",2 LB,6,6.49,38.99,https://www.chefstore.com/p/shanghai-bok-choy_1089658/
